trip_id;short_name
1883_3112648_10_201;909
1883_3112648_11_201;909
1688_3112643_10_202;Т52
1688_3112643_10_201;Т52
274_3106429_10_302;240
274_3106429_10_301;240
728_3112744_11_201;776
728_3112744_10_201;776
137_3109009_11_301;21
137_3109009_10_301;21
476_3099793_11_701;689
476_3099793_10_701;689
512_3113173_11_201;729
512_3113173_10_201;729
577_3111344_11_201;862
577_3111344_10_201;862
127_3111508_1_701;833
127_3111508_10_701;833
1814_3101279_11_601;874К
1814_3101279_10_601;874К
447_3114352_10_301;630
827_3113923_11_301;З-15
827_3113923_10_301;З-15
827_3113923_10_302;З-15
827_3113923_1_301;З-15
1270_3100558_10_701;С6
1270_3100558_11_701;С6
568_3111242_10_201;293
568_3111242_11_201;293
700_3112031_11_301;70
700_3112031_10_301;70
700_3112031_2_705;70
700_3112031_3_705;70
311_3107007_1_202;39
311_3107007_10_202;39
311_3107007_11_202;39
606_3100056_10_201;514
606_3100056_11_201;514
1649_3101295_10_301;898К
1649_3101295_11_301;898К
1510_3107107_11_201;243
1510_3107107_10_201;243
725_3103481_10_201;958
725_3103481_10_706;958
1791_3107966_11_601;520
1791_3107966_10_601;520
203_3113860_15_201;725
203_3113860_14_201;725
203_3113860_11_201;725
203_3113860_1_706;725
203_3113860_11_302;725
203_3113860_10_302;725
203_3113860_10_201;725
163_3110902_11_301;626
163_3110902_10_301;626
163_3110902_1_301;626
423_3112437_11_301;508
423_3112437_10_301;508
1895_3112800_10_202;304К
1895_3112800_10_704;304К
1909_3107501_11_701;399
1909_3107501_10_701;399
1240_3112796_10_203;304
1240_3112796_10_202;304
1240_3112796_1_202;304
1805_3112374_11_701;112Э
1805_3112374_10_701;112Э
1991_3112518_10_301;Т6
1991_3112518_11_301;Т6
1991_3112518_10_303;Т6
1750_3104438_11_301;565
1750_3104438_10_301;565
1756_3104444_10_301;570
1756_3104444_11_301;570
774_3111977_10_301;52
774_3111977_11_301;52
774_3111977_1_301;52
610_3112799_10_202;3
610_3112799_10_705;3
610_3112799_10_301;3
610_3112799_1_705;3
610_3112799_1_303;3
983_3103749_11_301;З-32
983_3103749_10_301;З-32
953_3103732_10_301;З-22
953_3103732_11_301;З-22
765_3112804_11_301;247
765_3112804_10_301;247
546_3112945_11_604;785
546_3112945_10_604;785
546_3112945_10_602;785
546_3112945_10_605;785
755_3111978_11_301;97
755_3111978_10_301;97
824_3110731_11_301;659
824_3110731_10_301;659
2033_3112148_10_201;Т59
2033_3112148_11_201;Т59
2033_3112148_1_201;Т59
826_3112940_10_701;664
826_3112940_11_701;664
1657_3112420_10_202;868
1657_3112420_11_202;868
1657_3112420_10_201;868
1657_3112420_11_201;868
1657_3112420_10_704;868
1657_3112420_11_704;868
369_3112982_10_701;684
369_3112982_11_701;684
242_3108169_10_301;2
242_3108169_11_301;2
295_3108426_11_301;846
295_3108426_10_301;846
270_3111460_11_301;210
270_3111460_10_301;210
1710_3112682_11_301;867
1710_3112682_10_301;867
1710_3112682_3_703;867
1710_3112682_14_703;867
110_3110845_10_301;930
110_3110845_10_302;930
569_3112098_11_301;873
569_3112098_10_301;873
569_3112098_11_702;873
569_3112098_10_702;873
138_3109312_11_303;54
138_3109312_4_702;54
138_3109312_10_303;54
138_3109312_4_705;54
1800_3109964_11_201;444
1800_3109964_10_201;444
279_3112817_11_301;855
279_3112817_1_301;855
279_3112817_10_301;855
1802_3113148_11_213;Т70
1802_3113148_1_213;Т70
1802_3113148_10_213;Т70
2204_3108893_10_201;238К
2204_3108893_11_201;238К
2204_3108893_1_201;238К
1807_3112477_10_201;Б
1807_3112477_12_206;Б
1807_3112477_1_201;Б
1076_3109354_11_201;621
1076_3109354_10_201;621
1713_3109912_10_203;Т55
1713_3109912_11_203;Т55
2208_3109858_1_301;557
1932_3112841_10_301;Т38
1932_3112841_11_301;Т38
1243_3109847_20_202;17
1243_3109847_1_202;17
1243_3109847_1_301;17
1243_3109847_2_301;17
1243_3109847_10_202;17
1243_3109847_11_202;17
1783_3109710_11_701;384
1783_3109710_10_701;384
550_3110201_10_301;788
550_3110201_11_301;788
1077_3109972_10_201;С5
1077_3109972_11_201;С5
631_3112581_11_301;128
631_3112581_10_301;128
2183_3109955_10_301;434
387_3110841_11_202;46
387_3110841_10_202;46
387_3110841_10_203;46
387_3110841_1_202;46
387_3110841_10_805;46
387_3110841_11_210;46
387_3110841_10_801;46
484_3110032_11_301;5
484_3110032_10_301;5
452_3110813_10_302;836
452_3110813_10_201;836
2011_3111659_11_201;Т75
2011_3111659_10_201;Т75
201_3110033_10_301;812
201_3110033_11_301;812
480_3111250_10_202;276
283_3113183_10_201;26
283_3113183_1_201;26
283_3113183_11_201;26
188_3110890_11_301;657
188_3110890_10_303;657
188_3110890_10_301;657
188_3110890_10_706;657
1742_3110773_10_701;896
1093_3110891_10_202;С4
1093_3110891_10_201;С4
889_3112270_10_204;76
889_3112270_11_204;76
750_3112813_10_301;208
925_3112749_11_701;286
925_3112749_10_701;286
925_3112749_10_703;286
925_3112749_11_703;286
1944_3110638_10_202;323
1944_3110638_11_202;323
141500247_1_10_1;550
141500247_1_10_3;550
141500209_1_10_10;374
141500209_1_10_1;374
141500253_1_10_1;559
141500253_1_10_2;559
141500281_1_10_1;727
141500234_1_10_1;471
141500288_1_10_1;853
141500170_1_10_18;112
141500170_1_10_1;112
141500190_1_10_10;290
141500190_1_10_1;290
141500304_1_10_1;713
141500304_1_10_2;713
141500264_1_10_1;617
141500264_1_10_10;617
141500167_1_1_1;88
141500216_1_10_2;391
141500216_1_10_1;391
141500267_1_10_1;641
141500175_1_10_2;188
141500179_1_10_1;201
141500230_1_10_1;780
141500271_1_1_1;658
141500176_1_10_3;190
141500176_1_10_1;190
141500212_1_10_1;599
141500260_1_10_1;594
141500260_1_10_2;594
141500302_1_10_2;488
141500302_1_10_1;488
141500198_1_1_1;366
141500286_1_10_1;815
141500219_1_10_1;405
141500245_1_10_1;541
141500245_1_10_2;541
141500287_1_10_1;845
141500282_1_10_3;745
141500014_1_10_11;412
141500014_1_10_1;412
141500259_1_10_10;591
141500259_1_10_1;591
141500272_1_10_1;660
141500018_1_10_1;597
141500018_1_10_2;597
141500011_1_10_10;361
141500011_1_10_1;361
141500274_1_10_1;673
141500274_1_10_2;673
141500177_1_10_1;191
141500200_1_1_1;330
141500227_1_1_1;451
141500227_1_10_1;451
141500016_1_10_1;432
141500016_1_11_1;432
141500232_1_11_1;466
141500232_1_10_1;466
141500191_1_10_5;294
141500293_1_10_3;с977
141500293_1_10_1;с977
141500181_1_11_1;215
141500181_1_10_1;215
141500169_1_10_1;100
141500169_1_10_10;100
141500300_1_10_2;314
141500300_1_10_1;314
141500300_1_10_3;314
141500158_1_10_1;26
141500163_1_10_1;63
141500327_1_1_1;464
141500285_1_10_2;787
141500285_1_10_1;787
141500241_1_10_1;502
141500206_1_1_1;352
141500189_1_10_1;282
141500189_1_10_10;282
141500188_1_10_1;270
141500188_1_10_9;270
141500180_1_10_1;206
141500015_1_10_1;с321
141500012_1_10_1;376
141500183_1_10_1;236
141500183_1_10_2;236
463_3101332_11_301;686
463_3101332_10_301;686
463_3101332_1_301;686
113_3105962_15_701;847
113_3105962_16_701;847
113_3105962_11_701;847
113_3105962_10_701;847
390_3113361_11_301;769
390_3113361_10_705;769
390_3113361_10_301;769
390_3113361_11_707;769
390_3113361_10_707;769
788_3102393_10_301;813
788_3102393_11_301;813
951_3102367_11_301;З-8
951_3102367_10_301;З-8
702_3102394_11_201;18
702_3102394_10_201;18
1215_3102408_11_601;З-27
1215_3102408_10_601;З-27
828_3109851_10_302;68
828_3109851_10_301;68
828_3109851_1_703;68
828_3109851_16_703;68
509_3109721_10_702;235
509_3109721_10_301;235
509_3109721_1_301;235
509_3109721_1_702;235
453_3113431_11_201;9
453_3113431_10_201;9
721_3112782_10_201;90
721_3112782_10_209;90
104_3113324_10_704;135
104_3113324_10_301;135
104_3113324_11_703;135
104_3113324_10_302;135
777_3112849_10_301;685
777_3112849_10_303;685
1292_3110752_10_701;С2
1292_3110752_11_701;С2
1292_3110752_1_701;С2
265_3106187_11_301;173
265_3106187_10_301;173
344_3106949_11_701;262
344_3106949_10_701;262
111_3106615_10_701;207
789_3109725_10_301;198
789_3109725_10_302;198
286_3111516_10_701;681
286_3111516_10_703;681
848_3109780_11_205;92
848_3109780_10_205;92
1330_3113565_11_301;892
1330_3113565_1_301;892
1330_3113565_10_301;892
836_3115392_10_305;716
836_3115392_12_302;716
836_3115392_10_302;716
836_3115392_10_307;716
836_3115392_10_301;716
836_3115392_5_305;716
2046_3104410_11_301;Т39К
2046_3104410_10_301;Т39К
2048_3113888_1_107;Н12
2048_3113888_1_104;Н12
2048_3113888_4_701;Н12
2048_3113888_2_702;Н12
2048_3113888_2_104;Н12
2048_3113888_2_701;Н12
1986_3110195_11_701;Sk1
1986_3110195_10_701;Sk1
1209_3115249_11_302;231
1209_3115249_11_201;231
1209_3115249_11_303;231
1209_3115249_10_201;231
1209_3115249_10_302;231
1209_3115249_12_302;231
1941_3114556_11_704;991
1941_3114556_11_201;991
1706_3112218_11_201;928
1706_3112218_10_203;928
1706_3112218_10_201;928
407_3110992_10_201;2
407_3110992_10_203;2
436_3113307_10_201;4П
746_3110448_10_301;86
746_3110448_10_303;86
166_3111347_10_301;654
166_3111347_10_704;654
290_3105615_11_301;817
290_3105615_10_301;817
970_3112171_11_201;23
970_3112171_10_201;23
819_3112787_10_301;45
604_3106331_1_701;513
604_3106331_2_701;513
428_3107535_10_201;4Л
400_3113360_10_301;648
400_3113360_10_704;648
776_3112788_10_301;16
1080_3111286_11_201;С1
1080_3111286_10_201;С1
148_3105813_10_301;268
148_3105813_10_302;268
1981_3112915_10_302;О24
1981_3112915_10_301;О24
1981_3112915_10_306;О24
602_3112122_11_701;861
602_3112122_10_701;861
239_3113436_10_301;254
239_3113436_10_302;254
2024_3112851_11_301;Т43
2024_3112851_10_301;Т43
1751_3111874_10_601;533
1751_3111874_11_601;533
622_3112555_11_204;200
622_3112555_10_204;200
867_3113207_1_206;7
867_3113207_11_203;7
867_3113207_10_203;7
2040_3112313_10_202;Т
2040_3112313_11_201;Т
2040_3112313_10_201;Т
168_3113057_11_301;143
168_3113057_10_301;143
1842_3113351_10_203;569
1842_3113351_10_706;569
1842_3113351_11_301;569
1842_3113351_10_302;569
1842_3113351_10_304;569
1074_3111952_10_301;718
1074_3111952_11_301;718
881_3111941_11_601;883
881_3111941_10_601;883
1875_3111947_10_601;983
1875_3111947_11_601;983
698_3112082_10_201;698
698_3112082_11_201;698
1103_3112137_10_201;234
988_3112970_1_301;З-4
988_3112970_10_301;З-4
988_3112970_15_301;З-4
988_3112970_11_301;З-4
1035_3112990_11_301;З-24
1035_3112990_10_301;З-24
963_3113015_10_701;З-29
963_3113015_25_703;З-29
963_3113015_11_701;З-29
1793_3112736_11_203;Т53
1793_3112736_10_203;Т53
454_3112893_11_301;66
454_3112893_10_301;66
787_3113095_10_301;З-11
947_3113027_10_701;З-21
947_3113027_11_701;З-21
920_3113114_11_703;З-16
920_3113114_10_703;З-16
920_3113114_10_301;З-16
920_3113114_11_301;З-16
847_3113009_15_704;З-2
847_3113009_16_704;З-2
847_3113009_10_301;З-2
847_3113009_1_301;З-2
847_3113009_10_302;З-2
968_3113000_10_707;З-3
968_3113000_10_301;З-3
968_3113000_1_301;З-3
968_3113000_12_704;З-3
968_3113000_13_704;З-3
968_3113000_1_707;З-3
968_3113000_12_707;З-3
738_3113112_11_301;400Т
738_3113112_10_301;400Т
1765_3113115_11_701;З-32К
1765_3113115_10_701;З-32К
594_3113081_10_301;З-9
713_3113020_10_301;З-10
713_3113020_10_703;З-10
713_3113020_13_707;З-10
713_3113020_1_301;З-10
372_3112947_10_203;38
372_3112947_10_809;38
372_3112947_11_203;38
372_3112947_1_120;38
197_3112892_10_705;228
197_3112892_10_301;228
308_3112910_11_301;153
308_3112910_10_301;153
870_3112780_11_301;З-5
870_3112780_10_301;З-5
945_3113163_11_301;З-20
945_3113163_10_301;З-20
945_3113163_20_704;З-20
945_3113163_1_301;З-20
863_3113162_11_301;З-17
863_3113162_10_301;З-17
141500291_1_10_5;957
141500291_1_10_1;957
14150221_1_1_1;300
14150221_1_10_11;300
141500290_1_10_1;945
14150235_1_10_1;305
14150235_1_13_4;305
14150234_1_17_3;302
14150234_1_10_1;302
141500222_1_10_2;429
141500222_1_10_1;429
14150226_1_10_1;974
14150226_1_1_1;974
14150226_1_1_10;974
14150239_1_1_1;446
14150238_1_20_2;308
14150238_1_10_1;308
141500166_1_1_1;83
14150230_1_10_1;С16
14150230_1_10_3;С16
14150241_1_10_2;509к
14150248_1_10_1;506
14150228_1_1_1;С14
14150228_1_10_1;С14
14150252_1_10_1;501
141500320_1_10_1;115
14150229_1_1_1;С15
14150229_1_1_2;С15
14150229_1_10_1;С15
14150223_1_10_2;327
14150237_1_10_1;307
14150250_1_10_1;525
14150250_1_28_1;525
14150225_1_10_2;523
14150225_1_16_2;523
14150222_1_1_1;325
14150247_1_10_1;720
14150231_1_1_1;С17
14150231_1_10_1;С17
14150232_1_1_1;509
14150232_1_10_2;509
14150233_1_10_1;301
14150233_1_11_1;301
14150227_1_1_1;С13
14150243_1_1_1;967
14150243_1_10_10;967
14150249_1_10_1;521
14150249_1_10_10;521
14150253_1_10_1;504
14150224_1_1_1;449
14150236_1_10_1;306
14150236_1_18_1;306
14150240_1_1_1;485
14150251_1_10_1;316
14150244_1_10_1;С18
141500298_1_10_5;125
141500298_1_10_1;125
141500224_1_10_10;438
141500224_1_10_1;438
141500223_1_10_1;436
141500223_1_1_1;436
141500173_1_24_2;140
141500173_1_10_1;140
141500205_1_10_1;350
141500244_1_10_1;530
141500217_1_10_1;394
141500164_1_10_1;73
141500164_1_1_2;73
141500237_1_10_2;491
141500237_1_10_1;491
141500203_1_10_1;340
141500203_1_10_2;340
141500248_1_1_1;551
141500248_1_10_1;551
141500165_1_11_10;80
141500165_1_10_10;80
141500220_1_10_1;409
141500220_1_17_2;409
141500305_1_1_1;С9
141500270_1_10_1;650
141500263_1_12_4;606
141500263_1_10_1;606
141500263_1_16_5;606
141500301_1_10_1;317
141500301_1_10_6;317
141500186_1_1_1;259
141500186_1_10_1;259
141500186_1_10_2;259
141500265_1_10_1;618
141500194_1_10_1;312
141500269_1_10_1;644
141500269_1_10_10;644
141500295_1_10_1;987
141500261_1_10_2;601
141500299_1_1_1;141
141500184_1_10_1;244
141500184_1_10_3;244
141500226_1_10_1;443
141500221_1_1_1;428
141500262_1_10_1;602
141500178_1_10_1;195
141500187_1_10_2;265
141500187_1_10_10;265
141500187_1_10_11;265
141500292_1_10_1;975
937_3113017_11_201;775
937_3113017_10_201;775
153_3099774_11_701;74
153_3099774_10_701;74
658_3112033_10_202;233
658_3112033_11_202;233
658_3112033_10_301;233
658_3112033_11_301;233
689_3105297_11_301;656
689_3105297_10_301;656
191_3113433_11_301;177
191_3113433_10_301;177
958_3102398_101_301;З-28
958_3102398_100_301;З-28
845_3105604_11_301;62
845_3105604_10_301;62
263_3106631_11_701;102
263_3106631_10_701;102
321_3105537_10_301;808
321_3105537_11_301;808
723_3114397_10_707;905
723_3114397_10_201;905
723_3114397_10_704;905
723_3114397_10_711;905
723_3114397_10_202;905
723_3114397_11_714;905
723_3114397_11_201;905
723_3114397_11_704;905
1906_3107238_10_701;382
818_3112306_1_703;634
818_3112306_10_703;634
818_3112306_11_301;634
818_3112306_10_301;634
1298_3112762_11_301;884
1298_3112762_10_301;884
107_3111395_10_201;27
107_3111395_11_201;27
352_3107453_10_203;124
352_3107453_10_301;124
642_3104531_11_201;215К
642_3104531_10_201;215К
365_3112646_10_301;183
365_3112646_11_301;183
1719_3108168_11_201;268К
1719_3108168_10_201;268К
231_3099770_10_301;197
775_3111458_10_301;36
775_3111458_10_302;36
273_3105579_11_301;821
273_3105579_10_301;821
296_3109641_11_201;285
296_3109641_10_201;285
634_3114348_11_301;647
634_3114348_10_704;647
634_3114348_10_301;647
307_3099771_10_301;697
1288_3112481_10_301;872
1288_3112481_11_301;872
747_3105577_11_301;20
747_3105577_10_703;20
747_3105577_10_301;20
747_3105577_10_302;20
993_3108173_11_601;834
993_3108173_10_601;834
350_3113966_21_301;889
350_3113966_11_203;889
350_3113966_10_203;889
350_3113966_12_704;889
806_3107910_11_701;860
806_3107910_10_701;860
687_3112030_10_302;65
687_3112030_10_201;65
253_3099782_11_202;772
253_3099782_10_202;772
1972_3112536_11_701;С23
1972_3112536_10_701;С23
851_3112707_11_301;98
851_3112707_10_301;98
245_3112542_10_202;726
245_3112542_10_301;726
1286_3102405_11_701;З-25
1286_3102405_10_701;З-25
1075_3106632_11_701;251К
1075_3106632_10_701;251К
267_3106454_11_301;199
267_3106454_10_704;199
1890_3101010_11_201;СТ1
1890_3101010_10_201;СТ1
1889_3101013_11_201;СТ2
1889_3101013_10_201;СТ2
1306_3112344_1_701;273
1306_3112344_10_701;273
871_3111646_1_701;126
871_3111646_11_701;126
871_3111646_10_701;126
1997_3100190_11_701;П122
1997_3100190_10_701;П122
539_3111339_10_301;779
539_3111339_11_301;779
539_3111339_1_301;779
190_3106928_10_302;Т
190_3106928_10_301;Т
1998_3113364_10_701;П209
1998_3113364_10_704;П209
655_3112997_1_704;1004
655_3112997_1_207;1004
655_3112997_1_714;1004
655_3112997_1_206;1004
655_3112997_1_710;1004
284_3108006_10_302;678
152_3113055_10_302;51
152_3113055_10_201;51
624_3110432_11_301;40
624_3110432_10_301;40
624_3110432_1_301;40
624_3110432_16_303;40
251_2919865_11_301;747
251_2919865_10_301;747
835_3112024_1_701;Н2
835_3112024_2_701;Н2
732_3110970_10_301;133
732_3110970_10_302;133
732_3110970_1_301;133
145_3110670_10_701;129
145_3110670_11_701;129
145_3110670_12_702;129
145_3110670_13_702;129
909_3102572_10_701;З-14
909_3102572_11_701;З-14
909_3102572_11_702;З-14
611_3099598_1_201;526
611_3099598_2_201;526
643_3111211_11_601;875
643_3111211_10_601;875
157_3106594_11_201;251
157_3106594_10_201;251
608_3111246_11_201;515
608_3111246_10_201;515
541_3113362_11_301;264
541_3113362_10_301;264
202_3110743_10_302;279
202_3110743_10_301;279
212_3112544_11_701;731
212_3112544_10_701;731
1721_3110618_11_701;642К
1721_3110618_10_701;642К
218_3112479_10_301;79
218_3112479_11_301;79
260_3104037_10_202;773
260_3104037_10_301;773
563_3112038_10_301;895
563_3112038_10_205;895
621_3099786_11_201;871
621_3099786_12_201;871
621_3099786_10_201;871
244_3107502_1_106;С3
244_3107502_10_703;С3
244_3107502_4_703;С3
244_3107502_10_701;С3
530_3112243_11_202;804
530_3112243_10_202;804
701_3113641_10_701;705
701_3113641_3_701;705
701_3113641_11_702;705
701_3113641_11_701;705
420_3111230_10_201;25
420_3111230_10_203;25
277_3112808_10_201;849
277_3112808_10_704;849
873_3112023_11_301;825
873_3112023_10_301;825
106_3106660_11_201;175
106_3106660_10_201;175
752_3109639_10_301;211
752_3109639_11_301;211
554_3106440_11_301;793
554_3106440_10_301;793
825_3113939_10_701;609
394_3114002_11_301;781
394_3114002_13_301;781
394_3114002_11_302;781
394_3114002_1_301;781
394_3114002_10_301;781
394_3114002_10_302;781
394_3114002_12_301;781
394_3114002_10_303;781
946_3114497_11_303;170
946_3114497_11_202;170
946_3114497_11_301;170
946_3114497_2_707;170
946_3114497_10_707;170
946_3114497_10_202;170
527_3106713_11_701;746
527_3106713_10_701;746
459_3106706_10_701;843
459_3106706_11_701;843
957_3113327_10_301;204
957_3113327_11_301;204
716_3107260_11_205;851
716_3107260_10_205;851
716_3107260_3_717;851
716_3107260_1_206;851
300_3110754_10_201;613
300_3110754_11_201;613
422_3113212_10_201;13
422_3113212_10_803;13
232_3113439_1_201;885
232_3113439_11_201;885
232_3113439_10_201;885
833_3107261_1_701;Н1
833_3107261_2_701;Н1
438_3110668_11_201;870
438_3110668_10_201;870
194_3106234_10_301;669
194_3106234_11_301;669
248_3110842_10_202;60
248_3110842_10_703;60
248_3110842_22_202;60
248_3110842_1_202;60
173_3112792_10_203;733
173_3112792_11_203;733
173_3112792_14_207;733
173_3112792_15_207;733
173_3112792_1_203;733
121_3107426_10_701;248
121_3107426_11_701;248
1138_3111512_11_702;252
1138_3111512_10_701;252
162_3113928_10_301;652
162_3113928_10_706;652
162_3113928_10_704;652
162_3113928_10_302;652
162_3113928_15_707;652
162_3113928_12_303;652
162_3113928_11_708;652
162_3113928_11_301;652
162_3113928_10_303;652
162_3113928_11_704;652
162_3113928_2_704;652
162_3113928_1_704;652
204_3110924_10_301;625
204_3110924_11_301;625
944_3111948_10_302;78
944_3111948_10_301;78
288_3113929_11_201;743
288_3113929_10_201;743
1736_3107329_11_601;782
1736_3107329_10_601;782
180_3110625_11_701;777
180_3110625_10_701;777
180_3110625_2_702;777
180_3110625_5_701;777
215_3111884_10_301;749
215_3111884_10_304;749
264_3114447_15_204;28
264_3114447_10_203;28
264_3114447_11_201;28
264_3114447_5_203;28
264_3114447_10_201;28
264_3114447_13_203;28
264_3114447_13_802;28
264_3114447_12_802;28
264_3114447_1_203;28
782_3113948_10_702;180
782_3113948_10_301;180
875_3112790_10_301;840
875_3112790_11_301;840
875_3112790_1_301;840
219_3111925_10_301;762
1002_3113341_11_301;677
1002_3113341_10_301;677
375_3113168_1_201;17
375_3113168_10_201;17
375_3113168_11_201;17
985_3113014_11_301;822
985_3113014_10_301;822
913_3113013_10_203;75
913_3113013_10_302;75
1881_3113156_10_201;313
1881_3113156_11_201;313
147_3113174_11_201;35
147_3113174_10_201;35
751_3113202_10_201;82
751_3113202_11_201;82
1992_3113043_11_301;563
1992_3113043_10_301;563
1992_3113043_12_301;563
692_3105323_10_301;665
692_3105323_11_301;665
14150246_1_10_1;450
1063_3113295_11_701;65К
1063_3113295_10_701;65К
1063_3113295_1_701;65К
14150245_1_10_13;422
14150245_1_10_1;422
1665_3113387_10_602;С10
1665_3113387_10_601;С10
1665_3113387_12_601;С10
1665_3113387_11_601;С10
141500276_1_1_1;702
141500303_1_10_1;214
363_3113426_1_301;661
141500192_1_10_1;310
2218_3113276_10_701;М92
2218_3113276_11_701;М92
141500207_1_10_1;365
141500207_1_10_2;365
141500159_1_10_2;360
141500162_1_10_1;56
141500162_1_17_3;56
14150217_1_10_1;551к
141500254_1_10_1;561
141500196_1_10_1;318
141500197_1_10_1;319
141500238_1_11_1;496
141500238_1_10_1;496
141500284_1_10_1;771
14150216_1_10_1;324
141500210_1_10_1;375
141500210_1_10_11;375
14150218_1_10_1;580
141500010_1_10_1;346
141500010_1_10_2;346
141500211_1_10_1;378
141500279_1_10_1;714
14150219_1_10_4;456к
14150219_1_10_1;456к
141500256_1_10_2;571
141500256_1_10_1;571
141500256_1_10_7;571
141500213_1_10_1;380
141500213_1_10_10;380
141500280_1_10_3;414
141500021_1_11_1;320
141500021_1_10_1;320
14150220_1_10_1;333
141500017_1_10_1;540
14150002_1_10_3;368
14150002_1_10_1;368
141500208_1_10_2;372
141500208_1_10_3;372
141500255_1_10_1;567
141500225_1_10_2;440
141500225_1_10_6;440
141500225_1_10_7;440
141500225_1_10_1;440
141500225_1_10_8;440
141500161_1_10_1;371
141500161_1_11_1;371
141500296_1_10_1;994
141500157_1_10_1;132
141500218_1_10_1;404
141500195_1_10_1;315
141500199_1_1_1;329
141500243_1_10_1;529
141500246_1_1_1;544
141500246_1_10_1;544
141500201_1_10_1;334
141500201_1_10_4;334
141500171_1_10_11;119
141500171_1_10_1;119
141500235_1_11_1;474
141500235_1_10_1;474
141500233_1_10_1;469
141500233_1_10_2;469
141500239_1_11_2;497
141500239_1_10_1;497
141500193_1_10_1;311
141500193_1_10_2;311
141500258_1_10_1;579
141500273_1_10_1;667
141500214_1_10_1;386
141500214_1_10_2;386
141500174_1_10_1;145
141500252_1_1_5;554
141500252_1_1_1;554
141500252_1_1_14;554
141500257_1_1_1;575
141500268_1_10_1;341
141500172_1_10_1;139
141500204_1_10_5;343
141500229_1_1_1;459
141500202_1_10_1;338
141500185_1_10_2;250
141500289_1_10_1;877
141500289_1_11_1;877
141500251_1_10_10;553
141500251_1_10_11;553
141500250_1_10_1;552
141500275_1_10_1;291
141500240_1_10_1;500
758_3114291_10_302;157
758_3114291_10_707;157
758_3114291_11_301;157
758_3114291_11_302;157
758_3114291_11_303;157
758_3114291_11_706;157
758_3114291_1_303;157
758_3114291_1_302;157
758_3114291_1_301;157
758_3114291_10_301;157
758_3114291_10_303;157
1264_3114402_11_201;49
1264_3114402_11_203;49
1264_3114402_1_201;49
1264_3114402_10_201;49
1264_3114402_10_203;49
1264_3114402_38_203;49
768_3113848_10_302;34
768_3113848_10_304;34
813_3113869_11_305;803
813_3113869_11_203;803
813_3113869_11_304;803
813_3113869_7_302;803
813_3113869_11_301;803
813_3113869_11_302;803
813_3113869_10_301;803
813_3113869_10_203;803
813_3113869_12_203;803
830_3113954_10_302;610
830_3113954_10_301;610
830_3113954_10_306;610
830_3113954_10_305;610
830_3113954_10_303;610
830_3113954_13_303;610
830_3113954_13_302;610
830_3113954_11_305;610
830_3113954_11_304;610
830_3113954_11_303;610
830_3113954_11_302;610
830_3113954_11_301;610
1226_3114478_10_301;857
1226_3114478_11_204;857
1226_3114478_10_202;857
1226_3114478_10_204;857
1226_3114478_20_206;857
1226_3114478_10_708;857
254_3114405_11_202;1
254_3114405_11_201;1
254_3114405_10_806;1
254_3114405_10_204;1
254_3114405_10_201;1
254_3114405_10_202;1
254_3114405_1_201;1
1982_3114225_11_301;472
1982_3114225_15_301;472
1982_3114225_11_702;472
1982_3114225_11_703;472
1982_3114225_10_301;472
1982_3114225_10_702;472
1704_3114010_11_208;950
1704_3114010_11_310;950
1704_3114010_5_309;950
1704_3114010_11_309;950
1704_3114010_12_208;950
1704_3114010_10_310;950
1704_3114010_2_208;950
1704_3114010_10_208;950
1704_3114010_11_303;950
1704_3114010_13_303;950
1704_3114010_11_302;950
1704_3114010_11_301;950
1704_3114010_10_302;950
1704_3114010_10_301;950
1877_3114105_11_202;Т73
1877_3114105_10_203;Т73
1877_3114105_10_201;Т73
1877_3114105_10_202;Т73
1877_3114105_14_225;Т73
1877_3114105_10_204;Т73
1877_3114105_11_203;Т73
1877_3114105_11_201;Т73
412_3115186_13_202;176
412_3115186_15_202;176
412_3115186_11_303;176
412_3115186_11_202;176
412_3115186_11_301;176
412_3115186_10_202;176
412_3115186_12_301;176
412_3115186_10_301;176
1968_3115105_10_301;КМ
1968_3115105_10_306;КМ
1968_3115105_10_304;КМ
1740_3114944_10_209;Т18
1740_3114944_10_213;Т18
1740_3114944_10_203;Т18
1740_3114944_10_201;Т18
1740_3114944_10_211;Т18
1740_3114944_11_208;Т18
1740_3114944_11_211;Т18
1740_3114944_11_201;Т18
1740_3114944_11_203;Т18
258_3114742_11_207;14
258_3114742_11_206;14
258_3114742_11_109;14
258_3114742_11_202;14
258_3114742_13_202;14
258_3114742_11_204;14
258_3114742_10_202;14
258_3114742_10_109;14
258_3114742_10_206;14
178_3114558_11_202;159
178_3114558_11_203;159
178_3114558_11_301;159
178_3114558_12_202;159
178_3114558_2_301;159
178_3114558_10_301;159
178_3114558_10_202;159
178_3114558_12_203;159
178_3114558_10_203;159
238_3114877_10_301;Вч
238_3114877_12_301;Вч
238_3114877_10_302;Вч
2087_3115049_10_303;М96
2087_3115049_10_305;М96
2087_3115049_10_301;М96
2087_3115049_10_306;М96
2087_3115049_11_301;М96
2087_3115049_10_304;М96
2087_3115049_10_302;М96
2090_3115054_10_306;М97
2090_3115054_11_301;М97
2090_3115054_10_304;М97
2090_3115054_12_308;М97
2090_3115054_10_301;М97
2090_3115054_10_712;М97
2090_3115054_10_303;М97
2090_3115054_10_302;М97
2090_3115054_10_305;М97
2107_3115079_11_305;С891
2107_3115079_11_303;С891
2107_3115079_13_302;С891
2107_3115079_11_302;С891
2107_3115079_11_301;С891
2107_3115079_10_302;С891
2107_3115079_10_303;С891
2107_3115079_10_304;С891
2107_3115079_4_709;С891
2107_3115079_10_301;С891
2111_3115180_10_303;Е70
2111_3115180_10_301;Е70
2111_3115180_11_303;Е70
2111_3115180_11_302;Е70
2111_3115180_11_301;Е70
2093_3115107_11_201;С364
2093_3115107_10_703;С364
2093_3115107_10_201;С364
2092_3114997_11_201;С988
2092_3114997_10_201;С988
2098_3114975_11_701;С914
2098_3114975_10_701;С914
2094_3115073_11_301;М88
2094_3115073_11_302;М88
2094_3115073_11_303;М88
2094_3115073_10_715;М88
2094_3115073_10_306;М88
2094_3115073_10_302;М88
2094_3115073_10_301;М88
2094_3115073_10_305;М88
2079_3115001_10_201;С997
2079_3115001_2_304;С997
2079_3115001_18_201;С997
2079_3115001_10_706;С997
2079_3115001_10_302;С997
2079_3115001_12_302;С997
2101_3115056_1_202;С809
2101_3115056_11_201;С809
2101_3115056_11_202;С809
2101_3115056_10_201;С809
2101_3115056_10_703;С809
2103_3114995_11_206;С484
2103_3114995_11_209;С484
2103_3114995_11_207;С484
2103_3114995_10_209;С484
2103_3114995_10_208;С484
2103_3114995_2_713;С484
2103_3114995_10_207;С484
2103_3114995_10_206;С484
2103_3114995_10_301;С484
2103_3114995_10_302;С484
2081_3115092_10_201;С249
2081_3115092_12_202;С249
2081_3115092_13_202;С249
2081_3115092_11_201;С249
2083_3115084_11_703;С216
2083_3115084_11_201;С216
2083_3115084_10_703;С216
2083_3115084_10_704;С216
2083_3115084_10_201;С216
2083_3115084_10_202;С216
2088_3114987_11_302;С962
2088_3114987_13_301;С962
2088_3114987_3_704;С962
2088_3114987_11_301;С962
2088_3114987_12_301;С962
2088_3114987_12_303;С962
2088_3114987_8_301;С962
2088_3114987_10_302;С962
2088_3114987_10_303;С962
2088_3114987_10_301;С962
2089_3115082_11_101;С919
2089_3115082_10_102;С919
2089_3115082_10_101;С919
2089_3115082_10_103;С919
2089_3115082_12_102;С919
2089_3115082_12_103;С919
2161_3115034_11_301;933
2161_3115034_10_301;933
2161_3115034_12_703;933
2161_3115034_10_703;933
2161_3115034_10_302;933
2161_3115034_11_302;933
2179_3114957_11_214;М95
2179_3114957_11_213;М95
2179_3114957_10_212;М95
2179_3114957_10_214;М95
2179_3114957_10_213;М95
2179_3114957_11_212;М95
2180_3115202_11_303;М86
2180_3115202_11_304;М86
2180_3115202_11_310;М86
2180_3115202_13_310;М86
2180_3115202_11_308;М86
2180_3115202_11_301;М86
2180_3115202_13_301;М86
2180_3115202_11_302;М86
2180_3115202_10_303;М86
2180_3115202_10_304;М86
2180_3115202_10_301;М86
2180_3115202_10_308;М86
2180_3115202_10_302;М86
2150_3114893_10_301;824
2150_3114893_10_303;824
2150_3114893_11_301;824
2150_3114893_11_303;824
2150_3114893_11_302;824
2173_3114988_11_305;965
2157_3114924_11_301;921
2157_3114924_11_302;921
2157_3114924_10_301;921
2157_3114924_10_303;921
2157_3114924_10_707;921
2157_3114924_10_302;921
